{"output_weights": [[1.1584568127697807, -0.677275679524771], [-1.499392518488828, 1.850399493454566], [-1.028817637949275, 1.4106004118899014]], "input_weights": [[-0.24339404543392476, -0.28967081936964156, -0.1763626885885703], [-0.3811670317286943, 0.005921996695379397, -0.17433238597625164], [1.173849008286992, -2.0088857720421682, -1.5329083724978532]]}