{"criterions": [0.4083735899333667, 0.4086959086706952, 0.40871386648205255, 0.4087266616714877, 0.4087411803033657, 0.40875564854846674, 0.4087744923062029, 0.4087925765788917, 0.4088024020970452, 0.40881600736538043, 0.4088284332453598, 0.40884482786963283, 0.4088598022451632, 0.40887268231613494, 0.4088892891685366, 0.40890199371909425, 0.4089144784071954, 0.40893011332602774, 0.40894513099080926, 0.40896426665741686, 0.40898223250709415, 0.40899038169702434, 0.4090090928822024, 0.40902687202342985, 0.40904061450308343, 0.40905646272662277, 0.40907397073123053, 0.4090897176630039, 0.40910607229868534, 0.40912012199159964, 0.40913706453179, 0.4091522415043967, 0.4091658251075008, 0.4091807567372279, 0.40919430849969696, 0.40920919796435884, 0.4092242067382414, 0.40924030961546787, 0.4092556855280006, 0.40927189332526853], "theta_shifts": [1.6799547537864445, 1.6799400473893464, 1.6799260706356267, 1.6799053782328273, 1.6798897807708773, 1.6798575506695272, 1.6798250655595062, 1.6798070080742034, 1.6797882810064024, 1.6797747323298757, 1.6797621773247324, 1.6797414344111223, 1.6797268581011364, 1.6797031586067337, 1.679690312169603, 1.679670777148565, 1.6796558711822092, 1.6796374784218353, 1.6796074144497979, 1.6795736506520875, 1.6795577266738257, 1.679538123167971, 1.6795222493352429, 1.6795095191383642, 1.6794934335505391, 1.6794668963115935, 1.6794532010016427, 1.679435892168138, 1.6794217307650807, 1.6794007548175427, 1.6793826077206713, 1.6793631309031443, 1.679347650373947, 1.6793345067126393, 1.6793126371651572, 1.6793022424958086, 1.6792776192691756, 1.6792598786680846, 1.6792418284781319, 1.6792217249142352], "gradients": [[-0.0593254564750051, 0.08487659468790543], [-0.059326019191100386, 0.08487875404367563], [-0.05932709329168699, 0.0848811065283665], [-0.05932713127795111, 0.08488341884585868], [-0.059328609336683796, 0.08488624391094682], [-0.059332827087399995, 0.08489269579429473], [-0.059337485666748215, 0.08489946839399048], [-0.05933924076728733, 0.0849026433904091], [-0.059338392862586964, 0.08490412626640052], [-0.0593381832611688, 0.08490552998432756], [-0.0593371239033571, 0.08490631310306666], [-0.059337013485887956, 0.0849085359480845], [-0.05933750317196758, 0.08491053941745814], [-0.05933706638544546, 0.08491285227157341], [-0.05933692056887716, 0.08491423776313235], [-0.05933694013732807, 0.08491638884170052], [-0.05933825427757099, 0.08491905402434764], [-0.05933833537120624, 0.08492118336298775], [-0.05934470266136248, 0.0849289403153332], [-0.059344259916391494, 0.0849322588024351], [-0.059342178432587246, 0.08493250399408078], [-0.05934122185068766, 0.08493409196444433], [-0.059342687067769274, 0.08493699781876615], [-0.05934419647658281, 0.08493955342215337], [-0.05934620932362218, 0.08494282899389974], [-0.05934499091524546, 0.08494488980279839], [-0.05934458886164202, 0.08494623549595284], [-0.059344274318706966, 0.0849480072423634], [-0.0593457148211002, 0.08495066048141969], [-0.059346730608428815, 0.0849537353928592], [-0.05934624557053356, 0.08495544833617491], [-0.05934659265905389, 0.08495784621797649], [-0.05934567628831382, 0.0849589914035187], [-0.059344038939156095, 0.08495937689916407], [-0.05934164436953181, 0.0849601096980885], [-0.05934462646400329, 0.08496349407768411], [-0.05934253198862795, 0.08496472953419905], [-0.0593404726475143, 0.08496530283948286], [-0.05934140917836392, 0.08496802369595444], [-0.05934154755008328, 0.08497037159724179]], "commands": [[0.0, 0.0], [0.0, 0.0], [0.0, 0.0], [0.0, 0.0], [0.0, 0.0], [0.0, 0.0], [0.0, 0.0], [0.0, 0.0], [0.0, 0.0], [0.0, 0.0], [0.0, 0.0], [0.0, 0.0], [0.0, 0.0], [0.0, 0.0], [0.0, 0.0], [0.0, 0.0], [0.0, 0.0], [0.0, 0.0], [0.0, 0.0], [0.0, 0.0], [0.0, 0.0], [0.0, 0.0], [0.0, 0.0], [0.0, 0.0], [0.0, 0.0], [0.0, 0.0], [0.0, 0.0], [0.0, 0.0], [0.0, 0.0], [0.0, 0.0], [0.0, 0.0], [0.0, 0.0], [0.0, 0.0], [0.0, 0.0], [0.0, 0.0], [0.0, 0.0], [0.0, 0.0], [0.0, 0.0], [0.0, 0.0], [0.0, 0.0]], "duration": 4.0418617725372314, "positions": [[-0.0021977925207465887, 3.556825322448276e-05, -1.847727435233537e-05], [-0.002260396955534816, 1.2809699001081754e-05, -3.9425674913218245e-05], [-0.0023182763252407312, 5.314961526892148e-06, -9.173902071779594e-05], [-0.002359914593398571, -8.32550176710356e-06, -0.00012694222095888108], [-0.0024201662745326757, -2.5779920179047622e-05, -0.0001888845581561327], [-0.0024960783775895834, -3.3690106647554785e-05, -0.0003377218381501734], [-0.002598872408270836, -3.788624962908216e-05, -0.0005248896777629852], [-0.0026573503855615854, -3.368892794242129e-05, -0.0005604170146398246], [-0.0027113056275993586, -3.781302802963182e-05, -0.0006515863933600485], [-0.002768244594335556, -4.610122414305806e-05, -0.0006727451109327376], [-0.0028234636411070824, -5.753672303399071e-05, -0.0006954904529266059], [-0.0028712241910398006, -7.335293776122853e-05, -0.0006989259854890406], [-0.002947760047391057, -9.027642227010801e-05, -0.0007477023755200207], [-0.002983740996569395, -0.000102065852843225, -0.0007944954559206963], [-0.0030737104825675488, -0.00010858001041924581, -0.0008325889357365668], [-0.0031123016960918903, -0.00012637401232495904, -0.00089399324497208], [-0.003167333547025919, -0.0001364977943012491, -0.0009296182543039322], [-0.003230612026527524, -0.00015581124171148986, -0.0009784912690520287], [-0.003305383725091815, -0.00015944792539812624, -0.0010940874926745892], [-0.0034144804812967777, -0.00014588712656404823, -0.0012856130488216877], [-0.003455834463238716, -0.00014416211342904717, -0.0012321565300226212], [-0.0035179671831429005, -0.00016126074478961527, -0.0012753717601299286], [-0.003578759264200926, -0.00018846476450562477, -0.0013023748761042953], [-0.00362079543992877, -0.00021758295770268887, -0.001350828562863171], [-0.0036831717006862164, -0.0002347528061363846, -0.0014531237538903952], [-0.0037586044054478407, -0.00024283138918690383, -0.0015023468295112252], [-0.0038218603003770113, -0.00026364269433543086, -0.0015429870691150427], [-0.0038853709120303392, -0.0002742365759331733, -0.0015595233999192715], [-0.003936551511287689, -0.00029286061180755496, -0.001612561522051692], [-0.003995091654360294, -0.00031897853477858007, -0.001655680127441883], [-0.004069637972861528, -0.00031899864552542567, -0.0017328482354059815], [-0.00411903765052557, -0.00034279722603969276, -0.001775594661012292], [-0.004181484691798687, -0.00035244383616372943, -0.0017847833223640919], [-0.0042462581768631935, -0.0003651001607067883, -0.0018058262066915631], [-0.0042940969578921795, -0.00038122868863865733, -0.0018050969811156392], [-0.00434157345443964, -0.00039168805233202875, -0.0018535882700234652], [-0.004421181045472622, -0.0004098555655218661, -0.001894471817649901], [-0.004477065987884998, -0.00041827023960649967, -0.0019166669808328152], [-0.004545851610600948, -0.00042450340697541833, -0.001946903532370925], [-0.0045912787318229675, -0.0004466836398933083, -0.0019894593860954046]], "times": [0.025778770446777344, 0.11609244346618652, 0.21063733100891113, 0.2954728603363037, 0.4059126377105713, 0.49289608001708984, 0.5829486846923828, 0.6827836036682129, 0.7883965969085693, 0.8894579410552979, 1.0056943893432617, 1.1022257804870605, 1.2256536483764648, 1.3255524635314941, 1.438472032546997, 1.5995404720306396, 1.7062275409698486, 1.8182427883148193, 1.924748182296753, 2.0054192543029785, 2.103229522705078, 2.201751947402954, 2.2917449474334717, 2.3846654891967773, 2.470320224761963, 2.5720057487487793, 2.6726267337799072, 2.7699992656707764, 2.866281270980835, 2.9627132415771484, 3.059232711791992, 3.1649882793426514, 3.291098117828369, 3.3670990467071533, 3.4572455883026123, 3.5426228046417236, 3.6346793174743652, 3.7322375774383545, 3.837937116622925, 3.934840202331543], "target": [1.0, 1.0, 0.0], "options": {"logfilename": "last.json", "description": "This simulation took [duration] seconds.", "targetpositiony": "1", "load": "n", "prediction": "1", "criterionpercent": "0.05", "neuronfilename": "last.json",