{"theta_shifts": [1.6891528252246055, 1.707172162613028, 1.718241544371232, 1.7307481837341383, 1.7416980063166512, 1.748912469362194, 1.7534415197121296, 1.7528503084050178, 1.7467979360767159, 1.7353719083872317, 1.7211927946611312, 1.7034111302559634, 1.6825731132111725, 1.659001645496394, 1.632935410545055, 1.600251239934584, 1.5644538243375303, 1.5249566118141238, 1.4803642998033364, 1.4351630732798681, 1.3723748775528866, 1.3015093907756423, 1.1884470268096314, 1.0105728968322927, 0.7021892435269929, 0.2593301458242244, -0.3373212438991044, -0.7158165688031141, -0.9629366999753296, -1.1163642211421954, -1.220310171841049, -1.2799580241845514, -1.335335649946575, -1.3824570661119795, -1.4178441942668547, -1.4444100604025154, -1.4639587695760108, -1.475300095490318, -1.4818566868271408, -1.4810772375956698, -1.4736871509547425, -1.4570251549697981, -1.4309653195779495, -1.405284861787391, -1.3689008553555155], "duration": 4.781872034072876, "commands": [[0.7198494894275486, 0.8583838442935359], [-0.32681760494369727, 0.9633417002845986], [-0.30708445311544785, 0.9562380121388326], [-0.17654521023586414, 0.9447410173842964], [-0.043167950737513526, 0.9286092689448096], [0.0676746868602809, 0.9096341548523877], [0.14907881944201584, 0.8911238236448933], [0.23779777361509377, 0.8672768985295196], [0.3113794545997827, 0.8434432790183992], [0.3746258775059929, 0.8206914208915772], [0.43171688590079893, 0.7995783641566756], [0.47569311713988527, 0.783802557443949], [0.5156239830157582, 0.7704777187101701], [0.5520190162974022, 0.7597211480156332], [0.5847748739796645, 0.7518073645657811], [0.6146727929727632, 0.7463209397643114], [0.6454945045867577, 0.7428386325929215], [0.6734469919353734, 0.7417287782659303], [0.6993632766543375, 0.7423036775756087], [0.7238875805226358, 0.7438528494300699], [0.7446861639656641, 0.745408256196234], [0.7688983162536984, 0.7460514037822771], [0.7916027258415856, 0.744075286528476], [0.8214104736557205, 0.7351944919407056], [0.8580335925023599, 0.7107844343333612], [0.9032684537333081, 0.6473454204518568], [0.9429316781091102, 0.5209120692376222], [0.97005812295016, 0.3078794028357483], [0.9783060513615954, 0.18544874057125424], [0.9802175101008848, 0.15959740052260538], [0.9793850718804376, 0.18200353256506133], [0.9770753380442121, 0.21614956728353138], [0.9744841559162195, 0.2407076760297715], [0.9700732330912387, 0.26962068691918095], [0.9632504739149744, 0.2968909828049368], [0.954011683231375, 0.31712202787631466], [0.9416944479912791, 0.330188854752875], [0.9252922745002975, 0.3385958753182888], [0.9067925339847278, 0.34392236889462274], [0.8798032392470538, 0.34939558587793357], [0.8453270007018856, 0.355441934793143], [0.8082726284101744, 0.3611414724380844], [0.7572876992370213, 0.3689943017072872], [0.6975964834473697, 0.3778750835021745], [0.6484384691000714, 0.3845338797760626]], "times": [0.02031731605529785, 0.12700319290161133, 0.23109006881713867, 0.3275737762451172, 0.4348788261413574, 0.5312979221343994, 0.6375734806060791, 0.7427599430084229, 0.857938289642334, 0.9595367908477783, 1.0974338054656982, 1.2026240825653076, 1.313230037689209, 1.4106452465057373, 1.5170366764068604, 1.614492654800415, 1.7250995635986328, 1.8408875465393066, 1.9361872673034668, 2.0413663387298584, 2.1467227935791016, 2.272590160369873, 2.3733513355255127, 2.495299816131592, 2.5959033966064453, 2.7052807807922363, 2.787498712539673, 2.899325132369995, 2.9999077320098877, 3.111539125442505, 3.232816219329834, 3.344748020172119, 3.4373385906219482, 3.5281589031219482, 3.625765323638916, 3.7368509769439697, 3.848731756210327, 3.9448719024658203, 4.040115118026733, 4.146302223205566, 4.2578980922698975, 4.345688581466675, 4.441908121109009, 4.568471908569336, 4.675522327423096], "options": {"criterionpercent": "0.05", "startingpositiony": "0", "realrobot": "n", "prediction": "1", "criterionduration": "10", "fixedstartingposition": "1", "thetashiftratio": "10", "maximumduration": "0", "stopautomatically": "n", "experimentaltheta": "1", "hiddenneuronnumber": "10", "targetpositionx": "1", "description": "This simulation took [duration] seconds.", "fixedtargetposition": "1", "startingpositionx": "0", "size": "2", "targetpositiony": "1", "weightfilename": "weights.json", "load": "y", "logfilename": "last.json", "neuronfilename": "last.json", "targetpositiontheta": "0", "singlesimulation": "1", "learn": "n", "learningstep": "0.20", "tick": "0.020", "startingpositiontheta": "0", "verbose": "y"}, "gradients": [], "target": [1.0, 1.0, 0.0], "criterions": [0.4083735899333667, 0.40341825500656725, 0.3954394749030582, 0.3964397301105839, 0.39975800736889644, 0.40367392236622085, 0.4071179905002177, 0.41232524424152533, 0.416782795714103, 0.420524247367972, 0.42391513586150087, 0.42621512816813356, 0.4280022644503177, 0.4293993272348728, 0.43029870698105194, 0.4308421203889711, 0.43100636831921635, 0.43084264872351813, 0.4305198844084808, 0.4300887525602766, 0.42957990024703147, 0.42895354658799345, 0.42831981911332845, 0.42747438893622425, 0.42612633288341145, 0.4236811917645417, 0.41946643671946887, 0.41045649051315547, 0.3974675570225046, 0.37690492122427965, 0.3551483785045614, 0.3346267535357101, 0.32004525520966826, 0.30307958956058123, 0.28532617463332427, 0.2690650486349627, 0.2542269412349588, 0.2409059371585184, 0.23075965937830087, 0.22114235757419443, 0.213756550782573, 0.20897865865683996, 0.20526785972653455, 0.20288733848178686, 0.20150518120556254],