{"times": [2.1457672119140625e-06, 0.10277628898620605, 0.19712162017822266, 0.29785728454589844, 0.3893852233886719, 0.4798908233642578, 0.5754141807556152, 0.6772158145904541, 0.7791790962219238, 0.8800811767578125, 0.9758203029632568, 1.0767285823822021, 1.1790895462036133, 1.2769017219543457, 1.381864309310913, 1.478400707244873, 1.5809385776519775, 1.6773662567138672, 1.7802987098693848, 1.8758134841918945, 1.9766933917999268, 2.0787699222564697, 2.1795341968536377, 2.279325008392334, 2.3772480487823486, 2.476813554763794, 2.5797719955444336, 2.676016092300415, 2.776897430419922, 2.877859354019165, 2.978910207748413, 3.0765061378479004, 3.1792242527008057, 3.278825044631958, 3.379807710647583, 3.4764533042907715, 3.5793752670288086, 3.6770524978637695, 3.7779805660247803, 3.875898838043213, 3.978752851486206, 4.075446605682373, 4.177112579345703, 4.279093027114868, 4.380021572113037, 4.480844020843506, 4.578564882278442, 4.6790611743927, 4.779719591140747, 4.875385284423828, 4.976648569107056, 5.076906204223633, 5.177938938140869, 5.278615951538086, 5.375737905502319, 5.476302862167358, 5.576384782791138, 5.6774821281433105, 5.7784507274627686, 5.881030321121216, 5.977507829666138, 6.076625108718872, 6.17787504196167, 6.278246164321899, 6.376927137374878, 6.4766833782196045, 6.578301668167114, 6.6775572299957275, 6.778312683105469, 6.875715255737305, 6.978577613830566, 7.075247049331665, 7.1773998737335205, 7.276860952377319, 7.375609874725342, 7.476889610290527, 7.576664447784424, 7.679415225982666, 7.775054693222046, 7.8752055168151855, 7.976444959640503, 8.077032804489136, 8.178916931152344, 8.275939226150513, 8.376962661743164, 8.477145671844482, 8.577209949493408, 8.675111055374146, 8.778875350952148, 8.876412391662598, 8.978114128112793, 9.07863998413086, 9.175379514694214, 9.276491165161133, 9.377717971801758, 9.475368976593018, 9.57735276222229, 9.679665327072144, 9.78078007698059, 9.875288248062134, 9.976303339004517, 10.077762603759766, 10.17614483833313, 10.27816104888916, 10.379087448120117], "duration": 10.510986566543579, "commands": [[0.9007780024300717, -0.9009216284539047], [0.8722510370360331, -0.8723270492622854], [0.698687490428081, -0.6942202529773118], [0.39195102549868166, -0.37937916989193626], [0.1184190394002512, -0.10107824727318722], [-0.13214313266151753, 0.15222895183029742], [0.023404236432845043, -0.0012725146666506975], [0.039312705397631396, -0.019310187108237294], [-0.09027956831626235, 0.10897024976497723], [0.06406544401282306, -0.04482319736882998], [-0.05032910335287475, 0.06723061003536243], [0.07248423653876636, -0.05500271856348], [-0.05146231797015015, 0.06716153919546995], [0.06732197379348089, -0.050937441850289804], [-0.05579899547901929, 0.07036055731756558], [0.06738144784666436, -0.05200125283108656], [-0.05471944113567874, 0.06837849600489293], [0.06601515982714447, -0.05153012618867842], [-0.05382138206996288, 0.06671933198715337], [0.06746010254779672, -0.05385184997939587], [-0.05319644059089188, 0.0650810190345314], [0.06539835301591126, -0.052691736550353675], [-0.05476526915752129, 0.06580807890260361], [0.06616505823015482, -0.054266305189727526], [-0.053645284809966325, 0.06406156163121196], [0.06649326897337275, -0.05513377179661061], [-0.05494098998111369, 0.06493840189672842], [0.063857514015688, -0.0529228927577441], [-0.057262129907534196, 0.06655401988281967], [0.06454231508261765, -0.054281219956999804], [-0.05534068421659071, 0.06394023042945844], [0.06169706374054231, -0.05218638202460876], [-0.05549090621034337, 0.06352846692925487], [0.0620315635361731, -0.05291942269600928], [-0.05528208719631526, 0.06296709349750708], [0.06454478668132428, -0.05587639976991672], [-0.05400754984896193, 0.06107038488261961], [0.061695928271717534, -0.053496474069287855], [-0.05452500873755497, 0.06113872455450319], [0.06311094673574953, -0.05540508751238617], [-0.05523833779389998, 0.06136898555416678], [0.06269244552440685, -0.05538546391818226], [-0.05536597959035752, 0.06143276747009765], [0.06283002935563782, -0.05558961133242672], [-0.05465649627917493, 0.06046679705338214], [0.06415241691308325, -0.057196190362150394], [-0.05549596595896757, 0.060924362644993055], [0.06251704348004697, -0.0558212042874341], [-0.05609670030981187, 0.06130939531153576], [0.05743938199044928, -0.05118782025780158], [-0.058871471274721345, 0.06373884047843066], [0.0583463435308345, -0.052479414943389105], [-0.05686033152476776, 0.06141755829168178], [-0.1383375218817723, 0.14300038708957555], [0.04463956083011838, -0.03962966339808043], [0.0561343672556397, -0.052868588532612254], [-0.07121268451537902, 0.07433919147523899], [0.04249852347639339, -0.038172881572267774], [-0.049469397372045934, 0.05241242858559621], [0.05463192788263833, -0.05068105788185932], [-0.04903612111062882, 0.05191130227976922], [0.051024744016434705, -0.047041015029643425], [-0.05171116626046123, 0.05447102078756632], [0.05208485184515422, -0.048178219132810875], [-0.048261548243597366, 0.05096380023900039], [0.0534100044505265, -0.04957469784658736], [-0.04954417832141734, 0.052206016975542426], [0.05290745876702354, -0.049091838161280675], [-0.04863696658345064, 0.051250490621177536], [0.05129040211743087, -0.04755626098162655], [-0.04866844879366026, 0.05122875953060583], [0.05199408073699531, -0.04841333193716913], [-0.048174751576361176, 0.05072842277290169], [0.05222975896904362, -0.048533905069241], [-0.04902728721342238, 0.05163319484152415], [0.05070843805875513, -0.047116084692521626], [-0.04763208373999546, 0.05015168695161066], [0.05252919369683934, -0.04899388583670763], [-0.04790211100524192, 0.05031759178568077], [0.05151640826776347, -0.0479808490750086], [-0.047776487937618003, 0.05017916851720649], [0.0510446841330088, -0.047541451890127935], [-0.0519574163855968, 0.05442730862654153], [0.050784554623093586, -0.047317008258066305], [-0.04900495978589759, 0.051216922275608985], [0.05224439310749288, -0.048824017030353946], [-0.0501206609221996, 0.052251300237541085], [0.04986472887111556, -0.046683514024015986], [-0.0502515647834403, 0.05226353100169223], [0.051462838045264477, -0.048315066126268735], [-0.04969563206099402, 0.05172769655504378], [0.05063099882148947, -0.047543108080504215], [-0.05016178376248901, 0.05204865026684801], [0.049252714060423704, -0.046397405129990035], [-0.05064495238937682, 0.052393699172492085], [0.05065826769357408, -0.04780390882609987], [-0.04738901434598506, 0.04910202880152089], [0.049778219272999955, -0.04696819150137373], [-0.049281428958988426, 0.0510476612389115], [0.05173343781887347, -0.0488493262815727], [-0.049801503904369285, 0.051594992046104196], [0.05174209678346087, -0.04882642760326847], [-0.04897784032785738, 0.050759858045942075], [0.05201420026903147, -0.04903320309014409], [-0.0496122410000066, 0.051599281479403326]], "gradients": [],